{
    "val_acc": [
        29.28246120085869,
        29.44304903881196,
        29.492468226129724,
        29.45771075101358,
        29.392137034780433,
        29.744676987005743,
        29.754038605537083,
        29.860293694765858,
        29.952638249077538,
        29.883219709479782,
        29.874410147708637,
        29.795531301248182,
        29.881892737563778,
        29.959802673161892,
        29.92751610758701,
        29.946559859295284,
        29.872939930017754,
        29.840555957315956,
        29.942298181828534,
        29.98350662809767
    ],
    "train_acc": [
        1170.0076343769929,
        1255.0846308494106,
        1271.1202300402565,
        1279.8139830297366,
        1289.095313496491,
        1293.2133086535396,
        1297.060317183512,
        1300.0713575713478,
        1301.9966600067748,
        1303.3673347317435,
        1305.018802315851,
        1306.5246422592477,
        1308.444616948341,
        1308.6797348333848,
        1309.5139264787952,
        1309.7861382932072,
        1312.0449697066317,
        1311.7594574597413,
        1312.6103866888504,
        1313.7549924266593
    ],
    "val_loss": [
        5.189738802611828,
        4.477502807974815,
        4.373586401343346,
        4.379779256880283,
        4.654516372829676,
        3.5847282335162163,
        3.7760581225156784,
        3.395408507436514,
        3.2203475162386894,
        3.143238428980112,
        3.6551695726811886,
        3.8358018919825554,
        3.6631827037781477,
        3.55870084092021,
        3.435653328895569,
        3.7920142970979214,
        3.776581335812807,
        3.3275761790573597,
        3.311217125505209,
        3.037121407687664
    ],
    "train_loss": [
        357.21694669127464,
        197.67603665590286,
        160.56401966512203,
        138.81202426552773,
        116.62881231307983,
        105.93772815912962,
        95.86782178655267,
        88.38514929637313,
        83.3750888183713,
        80.25568914785981,
        75.57937637716532,
        71.89454905688763,
        66.76289878040552,
        65.9496043138206,
        64.39287942834198,
        63.15062194317579,
        57.30948739312589,
        58.20945117622614,
        55.966450937092304,
        53.25361800380051
    ],
    "train_lake_acc": [
        1063.7031364025074,
        1222.6057337910097,
        1249.710085916384,
        1263.8049523495379,
        1278.474391249604,
        1284.9121672895783,
        1290.7557094395477,
        1295.2104795448622,
        1298.0403744709072,
        1300.1821712126684,
        1302.6337493143237,
        1305.0329025765982,
        1307.5749202598013,
        1308.0202868554154,
        1308.9878252693957,
        1309.3828596086623,
        1312.682350591399,
        1312.21109938819,
        1313.4778724761816,
        1315.096232696381
    ],
    "val_lake_acc": [
        24.02959402857992,
        24.66507441618527,
        25.505693735587165,
        25.629490191492877,
        25.764305532290983,
        25.749462874170998,
        25.79195281674111,
        26.70781321814566,
        25.52181525504405,
        25.098556914592777,
        26.089487649756784,
        26.32735097108448,
        25.860511678131168,
        26.857127084629695,
        26.84614331659032,
        26.52691638149332,
        26.645677957790998,
        25.182010017619376,
        25.269551469951356,
        26.502451479087732
    ],
    "train_nolake_acc": [
        1281.2943082720346,
        1300.195450746014,
        1306.2290577490132,
        1310.0944114662825,
        1314.2801757137631,
        1316.3624986198233,
        1318.208863394956,
        1319.9448461788702,
        1321.0385946989838,
        1321.6359747067993,
        1322.557876133177,
        1323.1585454855644,
        1324.486206785419,
        1324.4392135511694,
        1325.0706903728951,
        1325.2522245511643,
        1326.4925272813548,
        1326.3493635664952,
        1326.7960740805784,
        1327.411373826425
    ],
    "val_nolake_acc": [
        30.174059274793624,
        30.37432453544372,
        30.16982718613814,
        30.202956395201067,
        30.155396675665543,
        30.413982586944677,
        30.453514149483905,
        30.285957368662864,
        30.652457214188424,
        30.6864228557083,
        30.543392194820967,
        30.407275043982978,
        30.618235153705253,
        30.457777016061463,
        30.44471546141275,
        30.40215711564111,
        30.43673047143727,
        30.75237785231609,
        30.733215134811882,
        30.57059772229631
    ],
    "val_miou": [
        26843546.0,
        26843546.0,
        26843546.0,
        26843546.0,
        26843546.0,
        53687092.0,
        0.0,
        26843546.0,
        26843546.0,
        26843546.0,
        26843546.0,
        26843546.0,
        26843546.0,
        26843546.0,
        26843546.0,
        26843546.0,
        26843546.0,
        26843546.0,
        26843546.0,
        26843546.0
    ],
    "train_miou": [
        111400716232.0,
        166027332170.0,
        178778016474.0,
        179798071278.0,
        192119258884.0,
        194105681164.0,
        192951408598.0,
        198964363024.0,
        197649029274.0,
        202373493256.0,
        201353438714.0,
        202373493366.0,
        204252541560.0,
        207420080130.0,
        205702093208.0,
        202507711172.0,
        211849264902.0,
        205326283566.0,
        206614773588.0,
        209487033154.0
    ],
    "val_f1": [
        0.0,
        0.0,
        0.0,
        0.0,
        0.0,
        0.0,
        0.0,
        0.0,
        0.0,
        0.0,
        0.0,
        0.0,
        0.0,
        0.0,
        0.0,
        0.0,
        0.0,
        0.0,
        0.0,
        0.0
    ],
    "train_f1": [
        0.0,
        0.0,
        0.0,
        0.0,
        0.0,
        0.0,
        0.0,
        0.0,
        0.0,
        0.0,
        0.0,
        0.0,
        0.0,
        0.0,
        0.0,
        0.0,
        0.0,
        0.0,
        0.0,
        0.0
    ]
}