{
    "val_acc": [
        20.334854108990896,
        20.276781184775047,
        20.317539654356064,
        20.308859851202556,
        20.37402242590928,
        20.330886204801526,
        20.264681578419722,
        20.24279471110177,
        20.299087107321622,
        20.465504703745847,
        20.153949106720102,
        20.324122663980365,
        20.399603365849178,
        20.435460980379368,
        20.42073609228848,
        20.36915594984443,
        20.47933534564394,
        20.238175100917495,
        20.227458761825044,
        20.34737432570684
    ],
    "train_acc": [
        857.2514657949474,
        888.3967993345235,
        890.5734411009602,
        892.694226413933,
        894.4135602678563,
        893.5581470496583,
        895.9142747755172,
        895.2110875173934,
        896.1364659580101,
        896.3489066667149,
        896.8300889052358,
        898.1363915607973,
        896.6074901120786,
        898.679926454334,
        897.820648340569,
        899.0671896968129,
        898.829663380357,
        899.0050259450361,
        898.9725965736983,
        899.7580083333954
    ],
    "val_loss": [
        1.6897190622985363,
        2.109270479530096,
        1.8314628303050995,
        2.232322618365288,
        2.0987243689596653,
        2.3211387135088444,
        2.4453621841967106,
        1.9598983898758888,
        2.05949030444026,
        1.8472041636705399,
        3.44689380005002,
        2.763241957873106,
        2.1600557193160057,
        2.07442120462656,
        2.026883117854595,
        2.391068160533905,
        1.7310892827808857,
        2.483035873621702,
        3.5280282609164715,
        2.8930548392236233
    ],
    "train_loss": [
        114.07858694717288,
        52.95584126934409,
        47.27565165609121,
        41.443305315449834,
        36.99705961160362,
        39.514973329380155,
        32.841138465330005,
        35.16005126014352,
        32.53552675805986,
        32.150330459699035,
        30.82491821795702,
        27.267159393057227,
        31.81696861796081,
        25.914707392454147,
        28.65810389071703,
        25.08671609684825,
        25.886112440377474,
        25.614796234294772,
        25.70814667455852,
        23.615142753347754
    ],
    "train_lake_acc": [
        830.6094136661952,
        886.6000777413743,
        889.6140391730381,
        892.5018875502503,
        894.9369743638717,
        893.8355546404445,
        896.9756846210087,
        896.0055244455731,
        897.2933434379779,
        897.6309038618712,
        898.2420829268316,
        899.9609869565894,
        897.9618928614303,
        900.6609571040512,
        899.4681542118539,
        901.1918753116112,
        900.8746370570536,
        901.1174886813953,
        900.9939191602226,
        902.0658739769952
    ],
    "val_lake_acc": [
        19.871575214160572,
        19.740644892878734,
        19.917912195349746,
        19.733536305160268,
        19.929580502845443,
        19.875700848769156,
        19.739551685689932,
        19.683772516681433,
        19.70081598880836,
        20.127849252194455,
        19.364559954075524,
        19.828129631283076,
        19.901910663116464,
        20.07684902131835,
        20.018532641300492,
        20.031295545115434,
        20.157300046514905,
        19.615442243577043,
        19.597694341181533,
        19.880089336218564
    ],
    "train_nolake_acc": [
        891.7084126537934,
        899.9145698959284,
        901.2987018359099,
        902.6284420092198,
        903.6719100254594,
        902.9823941735306,
        904.6266631100433,
        904.1539487205447,
        904.7199510670782,
        904.8057400248598,
        905.1234636655474,
        905.9607722842803,
        904.9095665268105,
        906.2783050614689,
        905.7612085716173,
        906.4620346997441,
        906.2688567922231,
        906.3256820370847,
        906.3554925058883,
        906.8034535700273
    ],
    "val_nolake_acc": [
        20.67245060861506,
        20.672684859654712,
        20.6333804316219,
        20.78963099637752,
        20.767510491074848,
        20.705502665063612,
        20.725066240850058,
        20.71275138386628,
        20.72004424211217,
        20.73925959440753,
        20.72930841472389,
        20.755565558378578,
        20.745139826325623,
        20.7241472261731,
        20.696814247718848,
        20.594087667072966,
        20.731300178695687,
        20.719600993359666,
        20.743924691828653,
        20.741260274446393
    ],
    "val_miou": [
        0.0,
        0.0,
        0.0,
        0.0,
        0.0,
        26843546.0,
        0.0,
        26843546.0,
        26843546.0,
        26843546.0,
        26843546.0,
        0.0,
        26843546.0,
        26843546.0,
        26843546.0,
        26843546.0,
        26843546.0,
        0.0,
        26843546.0,
        26843546.0125
    ],
    "train_miou": [
        116293562398.0,
        144398754766.0,
        144928304762.0,
        146904966112.0,
        149777225572.0,
        146431543560.0,
        148264225520.0,
        148300830510.0,
        149176906220.0,
        149730859310.0,
        150143273918.0,
        151988157566.0,
        149857756188.0,
        152881315718.0,
        150545926960.0,
        151592825306.0,
        152766620316.0,
        152244391274.0,
        151914947898.0,
        151029110782.0
    ],
    "val_f1": [
        0.0,
        0.0,
        0.0,
        0.0,
        0.0,
        0.0,
        0.0,
        0.0,
        0.0,
        0.0,
        0.0,
        0.0,
        0.0,
        0.0,
        0.0,
        0.0,
        0.0,
        0.0,
        0.0,
        0.0
    ],
    "train_f1": [
        0.0,
        0.0,
        0.0,
        0.0,
        0.0,
        0.0,
        0.0,
        0.0,
        0.0,
        0.0,
        0.0,
        0.0,
        0.0,
        0.0,
        0.0,
        0.0,
        0.0,
        0.0,
        0.0,
        0.0
    ]
}